Ap #748-8037 Phasellus Av.|MO|Jefferson City|16768
1404 Non, St.|Swiętokrzyskie|Starachowice|924763
8451 Sodales Street|AB|Wood Buffalo|6424
P.O. Box 499, 6488 Fames St.|Galicia|Ourense|11003
6677 Cursus. Ave|Karnataka|Hubli|21-341
2278 Justo Rd.|Vienna|Vienna|70154-731
6919 Integer Rd.|ME|Blaenau Ffestiniog|I6 0SK
4906 Donec Rd.|Queensland|Mackay|2514
P.O. Box 875, 1152 Quisque Rd.|ON|Kingston|6968
2237 Vulputate, Rd.|Luik|Bressoux|37503
Ap #979-6973 Lacus. Av.|OP|Opole|26-213
Ap #545-6010 Proin Road|Puglia|Grumo Appula|90-052
354-9962 Nunc Road|MA|Alcorcón|38374
P.O. Box 683, 542 Proin Street|PE|Recife|7874
604-208 Mauris St.|G|Liberia|55567
Ap #437-3992 Justo. Rd.|Santa Catarina|Criciúma|R4Y 0B5
6772 Mauris St.|LA|Latera|0846NP
585-2274 Et Avenue|Kogi|Okene|7541
606-9086 Interdum Rd.|ON|Newbury|79511-335
Ap #532-163 Lobortis, Rd.|North Island|Levin|27-108
Ap #899-9296 Nec St.|ME|Portland|441804
Ap #170-3874 Nullam Rd.|Jigawa|Dutse|49362
4634 Ultrices St.|Minnesota|Duluth|266934
Ap #165-7041 Erat, St.|Pomorskie|Gdańsk|52012
2736 Auctor Av.|Baden|Waiblingen|76-948
8169 Ac Rd.|Northumberland|Newcastle-upon-Tyne|97-437
9775 Lectus. Ave|Alajuela|Quesada|1926OK
9624 Arcu. Rd.|DS|Legnica|J2R 9M5
P.O. Box 826, 1054 Consequat Rd.|Kujawsko-pomorskie|Toruń|654128
P.O. Box 162, 6599 Nullam St.|New South Wales|Goulburn|3740
816-257 Velit St.|AN|Wortel|64330-955
Ap #885-217 Aenean Road|Ceará|Itapipoca|6513KQ
633-8885 Nullam Avenue|Nord-Pas-de-Calais|Boulogne-sur-Mer|33507
P.O. Box 868, 7067 Turpis. Av.|Castilla - La Mancha|Ciudad Real|8787
P.O. Box 893, 6872 Amet Rd.|SS|Brighton|533507
7382 Vestibulum Road|Bretagne|Lorient|41050
Ap #318-6753 Integer Ave|Vienna|Vienna|521976
421-4289 Et Rd.|South Island|Rangiora|44336
P.O. Box 453, 721 Sed, Avenue|Imo|Owerri|34256
639-8858 Vitae, Street|Maharastra|Kolhapur|7227
8610 Augue Rd.|BO|Bama|0379
991-321 Sit Road|BC|Cache Creek|0108AK
5365 Lectus Street|Wi|Vienna|93-837
570-4293 Lobortis Rd.|North Rhine-Westphalia|Solingen|53910
149-5694 Nec St.|Osun|Ila|47132
P.O. Box 312, 7263 Sit Rd.|DE|Wilmington|H4K 3M0
145-7087 Odio Av.|Andalucía|Dos Hermanas|422784
455-7672 Amet St.|São Paulo|Mauá|9426
Ap #232-8726 A Street|Kaduna|Kaduna|8002
965-2677 Sed Road|New South Wales|Albury|KX0 3WP
Ap #237-4976 Velit. Rd.|WA|Spokane|81-879
363-3861 Augue, St.|LA|San Lorenzo Nuovo|68668
750-4105 Nec Ave|CH|Birkenhead|8864
Ap #405-2026 Luctus St.|Brussels Hoofdstedelijk Gewest|Jette|1031
596-3602 Non, Avenue|SP|Diadema|2602LR
8038 Euismod Street|ML|Shillong|22198
9705 Erat, Rd.|Euskadi|Baracaldo|66954
P.O. Box 937, 2638 Et Rd.|BK|Milton Keynes|235966
9044 A, St.|ON|Northumberland|14729
Ap #811-3112 Quis Rd.|H|Mercedes|661096
6622 Ut, Rd.|SP|Carapicuíba|384436
5843 Purus St.|British Columbia|Silverton|55913
Ap #836-7998 Non, Road|Quebec|Asbestos|649681
Ap #184-3717 Enim. St.|JI|Dutse|1687
P.O. Box 879, 6503 Magna. St.|Victoria|Dandenong|53669
Ap #497-2955 Risus. Ave|Vienna|Vienna|6205
6236 Malesuada Rd.|HH|Hamburg|86-050
Ap #647-1660 Velit Rd.|Uttar Pradesh|Orai|61438
364-9168 Tempor St.|NI|Matamata|2946
P.O. Box 884, 7804 Blandit Road|Pays de la Loire|Cholet|961883
P.O. Box 262, 3924 At Ave|N.|Schagen|520864
8340 Sagittis St.|Kogi|Okene|71-582
Ap #117-3510 Montes, Street|Quebec|Pierrefonds|41105
3957 Risus. Ave|N.|Laren|2598
P.O. Box 489, 1436 Purus Avenue|Gl|Huissen|7998
4647 Sem Av.|Kirkcudbrightshire|Kircudbright|8891EG
600-7951 Ut, Street|Gelderland|Harderwijk|2810OC
7060 Hendrerit Av.|Madhya Pradesh|Sagar|20244
238-902 Ut, Road|Bretagne|Rennes|2121
1960 At Av.|Ontario|Goderich|64450
Ap #607-2384 Rhoncus. Street|BU|Etterbeek|65569
4489 Sit St.|NS|Lithgow|2451
Ap #617-9967 In St.|CM|Kidwelly|919410
3734 Egestas Road|Bahia|Camaçari|1743NH
P.O. Box 391, 9751 Interdum Rd.|HU|Ramsey|77898
Ap #650-6364 Cum Avenue|Uttar Pradesh|Faizabad|75533
P.O. Box 573, 6679 Maecenas Avenue|A|San José de Alajuela|12432
P.O. Box 318, 7030 Egestas, Rd.|VE|Ficarolo|C8L 8Z8
742-5884 Dui. St.|Durham|Washington|11412-596
P.O. Box 101, 4129 Ultricies Avenue|Akwa Ibom|Ikot Ekpene|16995
Ap #455-4102 Orci. St.|Benue|Gboko|50450
P.O. Box 120, 7077 Adipiscing, Av.|WV|Jabbeke|A6V 4P0
Ap #189-9664 Integer Rd.|San José|San Pedro|835463
970-9602 Integer Road|Minas Gerais|Ribeirão das Neves|VW44 3JC
6572 Lectus St.|C|San Rafael|88666
2266 Commodo Rd.|Wi|Vienna|K3 5IP
850 Sagittis. Ave|Provence-Alpes-Côte d'Azur|Martigues|9660
820-2661 Nisi Av.|Lubelskie|Zamość|05839
728-7787 Vitae, St.|OH|Columbus|3414
6502 Donec Ave|Nagaland|Kohima|61315
P.O. Box 129, 3967 Ante Avenue|CA|Tarrasa|06552
P.O. Box 484, 5149 Rhoncus. St.|Pernambuco|Petrolina|X0L 8H2
Ap #432-8114 Ligula. Road|Idaho|Boise|63-235
P.O. Box 639, 1210 Amet Av.|Île-de-France|Colombes|4187MY
Ap #804-2894 Suspendisse St.|SL|Heusweiler|2251
P.O. Box 259, 282 Malesuada Road|Oklahoma|Lawton|12848
709-6384 Libero. Av.|Ontario|Whitby|22890
Ap #769-9098 Euismod St.|New South Wales|Liverpool|9636ZL
7637 Enim. Road|BA|Salvador|51318
P.O. Box 579, 1031 Egestas St.|SI|Christchurch|0204
7963 Volutpat Av.|Castilla y León|Salamanca|71173
152-7103 Penatibus Rd.|AN|Gierle|41609
853-9248 Pellentesque St.|UT|Haridwar|03224
P.O. Box 830, 3057 Conubia St.|Massachusetts|Springfield|54165
9645 Rutrum, St.|UP|Unnao|PG80 2HL
208-8423 Sed Avenue|SL|Gliwice|2886
9268 Ornare. Rd.|North Island|Upper Hutt|60555
Ap #488-5666 Diam Ave|Haute-Normandie|Rouen|4198
2043 Vitae, St.|Wi|Vienna|9278
619-7925 Turpis Av.|Jharkhand|Jamshedpur|7475
P.O. Box 905, 8534 Fames Street|WA|Nedlands|64761
536 Quisque Street|DE|Llangollen|60507
Ap #780-9443 Lorem Street|NA|Landenne|9127
9929 Elit Rd.|LX|Suxy|288722
709-317 Luctus Rd.|WY|Wyoming|34930
380-4294 Ipsum Street|Berlin|Berlin|81379
348-5625 Nec, St.|DE|Wilmington|1999
Ap #554-6351 Et Rd.|Midi-Pyrénées|Albi|78876
222-2860 Facilisis. Rd.|VT|Burlington|61208
P.O. Box 617, 2496 Varius. Av.|Toscana|Piancastagnaio|2640
9680 Magna, St.|Bihar|Chapra|69940
P.O. Box 765, 7441 At St.|RA|Knighton|TK0D 3XW
P.O. Box 557, 6795 Fringilla St.|Rio de Janeiro|Duque de Caxias|8919
P.O. Box 612, 6998 Gravida St.|FL|St. Petersburg|18-301
3768 Ac Av.|Kt|Wolfsberg|5648
Ap #673-3632 Nunc St.|Dr|Meppel|30902
921-4045 In Rd.|MG|Divinópolis|EX1N 7GW
P.O. Box 236, 7921 Luctus Street|Wi|Vienna|126373
P.O. Box 863, 3012 Aliquam Street|MI|Lansing|84827
413-5089 Consectetuer, Rd.|BU|Ganshoren|79768
P.O. Box 684, 1391 Morbi St.|VE|Sorgà|80861
P.O. Box 846, 1979 Vulputate Road|BD|Luton|86598
P.O. Box 747, 8405 A, Ave|MA|Parla|7183
9058 Egestas Ave|CV|Elx|49189
P.O. Box 902, 8087 Non, Street|Overijssel|Deventer|377637
3039 Dolor Street|San José|Gravilias|20889-389
P.O. Box 561, 7199 Habitant Ave|Texas|Fort Worth|41388
939-2135 Nunc Rd.|Z.|Delft|6147
Ap #121-6854 Euismod Rd.|Overijssel|Hengelo|32196-415
P.O. Box 496, 9569 Nunc Street|NS|Tamworth|99199-914
Ap #168-1389 Ac Ave|C|Paraíso|9701
5636 Vehicula Avenue|Pará|Abaetetuba|207440
Ap #701-3343 Risus St.|Alberta|Glendon|O97 8HR
Ap #675-6931 Fringilla St.|MI|Rodez|90403
Ap #622-8289 Varius. St.|Uttar Pradesh|Aligarh|85499
7608 Eu Avenue|Berlin|Berlin|21105
9845 Pellentesque Rd.|MI|Warren|633185
383-4452 Amet, Road|La Rioja|Logroño|48291
Ap #963-4882 Congue Road|WA|Gosnells|QU49 0SV
Ap #281-9231 Risus, St.|PA|Castanhal|624490
P.O. Box 310, 6624 Curabitur St.|Zuid Holland|Delft|01-064
9010 Amet Avenue|MA|Siedlce|649875
P.O. Box 114, 7965 Risus. Road|NI|Waitakere|94529
P.O. Box 668, 8830 Amet, Ave|Kano|Kano|5730NS
P.O. Box 457, 3971 Tincidunt St.|BY|F�rth|94110-192
Ap #935-8287 Montes, Rd.|QL|Rockhampton|8407
8532 Arcu. Rd.|Vlaams-Brabant|Borchtlombeek|8687
P.O. Box 510, 9133 Metus. Av.|A|Quesada|43601
P.O. Box 829, 1509 Magna, Rd.|LA|Lagos|R57 8PG
P.O. Box 658, 1017 Praesent Rd.|CA|Pedace|460746
3773 Magna Street|Friesland|Dokkum|51845
3230 Per St.|Bremen|Bremen|98460-802
P.O. Box 450, 3140 In Ave|Noord Holland|Enkhuizen|33592-765
Ap #887-6385 Ac Ave|WI|Madison|1771
303-4467 Mauris St.|Lazio|Capena|69727
P.O. Box 236, 1140 Eget, Rd.|NS|Orange|40193
6501 Libero. Street|Henegouwen|Salles|866294
898-2026 Ac Rd.|WP|Piła|953462
Ap #806-1086 Faucibus St.|VI|Ararat|10-179
Ap #694-9762 Erat, St.|Emilia-Romagna|Gaggio Montano|40602
5690 Nec Ave|Castilla - La Mancha|Cuenca|950819
8541 Eleifend Avenue|Utrecht|Woerden|T6G 1Z0
P.O. Box 421, 3823 Vel Avenue|Lubelskie|Biała Podlaska|94435
Ap #342-3599 Vel Street|Tennessee|Chattanooga|17596
Ap #573-5630 Ac Ave|AN|Granada|80-848
8728 A, Ave|MT|Missoula|02329-072
P.O. Box 467, 5104 Elementum, Rd.|A|San José de Alajuela|P2 1WZ
Ap #994-1743 Eu, Road|North Island|Thames|26826
Ap #550-6312 Vitae St.|Gelderland|Hattem|99111
997-3054 Ac, St.|ON|Newmarket|68240
P.O. Box 726, 7885 Purus Road|CA|Cetara|3974
P.O. Box 607, 4276 Pharetra, Rd.|South Island|Motueka|152463
8002 Ornare, Rd.|MA|Chapadinha|03-608
9186 Pellentesque Avenue|MA|Santa Inês|70934
6655 Sollicitudin St.|QL|Ipswich|21911
9176 Eget, Road|IN|Gary|3973
182-2877 Aenean Rd.|Vlaams-Brabant|Steenokkerzeel|3251
Ap #245-5041 Dui Road|Arizona|Mesa|32728
P.O. Box 198, 8938 Scelerisque Rd.|WB|H�villers|16715
922-9615 Mauris Ave|PE|Cabo de Santo Agostinho|718861
595-6798 Euismod Rd.|Puntarenas|Puntarenas|4528
688-7885 Fames Road|Wi|Vienna|53-125
Ap #269-8391 Sem Avenue|PA|Saumur|62597
Ap #797-4689 Mauris St.|Katsina|Katsina|510409
Ap #456-7108 Rhoncus. Av.|Gelderland|Nijkerk|E4V 9S4
7189 Turpis. St.|Rio de Janeiro|Duque de Caxias|90482
2971 Dolor St.|Bourgogne|Auxerre|366350
P.O. Box 444, 8588 Libero. Rd.|CL|Palencia|4614
Ap #232-2376 Nec Rd.|KT|Funtua|G4W 8M2
778-7182 Ipsum Avenue|Western Australia|Gosnells|4718
P.O. Box 653, 7895 Sed Av.|Małopolskie|Kraków|9886
168-8601 Diam Avenue|Toscana|Bientina|9769
174-4155 Phasellus Av.|PU|Novoli|20-263
Ap #492-7105 Nam St.|PA|Marabá|6925
2384 Donec Avenue|HB|Bremerhaven|11671
259-8103 Hendrerit Ave|Clackmannanshire|Tillicoultry|66274
958-6343 Purus Rd.|OH|Cincinnati|8943
456-2068 Tempus Rd.|SA|Port Lincoln|81704
5447 Pede Rd.|MI|Lansing|39290
Ap #914-727 Hendrerit Rd.|West-Vlaanderen|Outrijve|H4Y 4P8
5523 Urna. St.|San José|Curridabat|235343
6082 Quis Avenue|Western Australia|Belmont|9629
531-4469 Magnis Avenue|AP|Kukatpalle|590662
Ap #565-2305 Mauris Road|KN|Kano|85336
6509 Aenean St.|DB|Ilkeston|85557
P.O. Box 404, 9536 Hendrerit Rd.|Salzburg|Wals-Siezenheim|D98 8FQ
P.O. Box 927, 2926 At St.|MO|Lossiemouth|71533
P.O. Box 368, 6189 Tristique Av.|Colorado|Fort Collins|37518
283-2904 Id Street|ID|Idaho Falls|A9B 6A9
372-7755 Lacus. Street|Bretagne|Rennes|22601
627-4467 Aliquam Avenue|PU|Putignano|03908
248-8055 Nascetur Ave|Podkarpackie|Przemyśl|4425
985-6934 At Street|New South Wales|Goulburn|Y6H 7X9
172-9700 Sit St.|Toscana|Vagli Sotto|4158
4119 Rutrum. Rd.|Wi|Vienna|LC2 9GA
7073 Litora Rd.|Comunitat Valenciana|Torrevieja|7935
Ap #837-4684 Aliquet Rd.|Z.|Alphen aan den Rijn|84-883
165-434 Nunc Rd.|Wi|Vienna|4401
P.O. Box 262, 4719 Libero. Rd.|NI|Whakatane|A2Z 1H3
464-3206 In Av.|Andalucía|Málaga|47397
8354 Fames St.|LA|Lafayette|87882
P.O. Box 222, 6050 Elementum, St.|Île-de-France|Rueil-Malmaison|1630
P.O. Box 830, 2936 Dui Rd.|OK|Broken Arrow|30161
330-4320 Lorem, Avenue|HH|Hamburg|73-075
529-3809 Arcu Avenue|North Island|Levin|326265
4074 Dapibus St.|MB|Stonewall|51-077
P.O. Box 436, 4184 Leo. Road|ON|Orilla|9897
Ap #721-9611 Facilisis Ave|Baden|Heilbronn|254310
371-9198 In Street|Centre|Châteauroux|2535
Ap #325-3939 Proin St.|ON|St. Thomas|34973
Ap #830-8427 Arcu. Av.|Oregon|Portland|63-490
509-8746 Diam. Road|BA|Vitória da Conquista|31805
743-588 Aliquam, Ave|CA|Girona|30334
P.O. Box 716, 911 Consequat Street|UT|Haridwar|58825
P.O. Box 793, 4049 Velit. St.|SJ|San Juan de Dios|69-785
806-7404 Ante. Street|NT|Rae-Edzo|87385
4992 Non Rd.|MA|Fuenlabrada|296792
9709 Faucibus St.|Manitoba|Daly|21709
Ap #292-1189 Vel Ave|New South Wales|Lithgow|5063
168-3028 Donec St.|Île-de-France|Versailles|12025
Ap #235-8264 Aenean St.|Podkarpackie|Mielec|60102
P.O. Box 432, 8986 Egestas. Road|Luik|Abolens|07059
2076 Nunc St.|QL|Bundaberg|1502PR
6721 Amet Road|Zuid Holland|Leiden|C9E 6M9
P.O. Box 777, 9735 Leo, Av.|WB|Chastre|W74 8RS
Ap #247-5893 Quisque Rd.|GA|Athens|10423-879
P.O. Box 879, 9973 Nibh. Avenue|Île-de-France|Issy-les-Moulineaux|9627
Ap #454-487 Primis Avenue|NU|Cambridge Bay|30215
563-9809 Eu Road|NS|Broken Hill|906488
115-1659 Mi. Road|MA|Płock|147924
Ap #139-399 At St.|Stirlingshire|Alva|3778BY
Ap #963-4825 Praesent Street|Warmińsko-mazurskie|Olsztyn|59082
Ap #926-1503 Luctus, St.|EX|Badajoz|11002
954 Diam Road|SJ|Cinco Esquinas|E2A 0T1
4290 Sapien, Av.|Alberta|Barrhead|26974
Ap #229-871 Conubia Street|SO|Sokoto|99243
1002 Fusce Road|L.|Berg|61226
8204 Ullamcorper. St.|LB|Zielona Góra|30772
Ap #654-1365 Proin Rd.|Zeeland|Goes|07036-299
P.O. Box 404, 9549 Et Rd.|Hamburg|Hamburg|11131
Ap #101-7687 Faucibus Av.|Dolnośląskie|Wałbrzych|9314
933-2766 Urna St.|Rivers|Buguma|38-478
Ap #485-8895 Est. Rd.|FL|Orlando|9944TJ
2706 Magna. Avenue|Berlin|Berlin|70556-265
Ap #491-2458 Mauris Avenue|South Island|Dunedin|32580
P.O. Box 378, 7609 Libero Road|Bedfordshire|Bedford|X3A 5H5
P.O. Box 903, 7756 Nam St.|PI|Barbania|V3V 2Z5
3840 Lorem, St.|Georgia|Atlanta|9121MB
P.O. Box 299, 4232 Natoque Rd.|VI|Ballarat|S4W 9E8
1709 Nunc. St.|MB|Beausejour|6411
P.O. Box 853, 2422 Nunc Av.|CA|Cervino|64567
2774 Augue St.|BU|Etterbeek|8650
P.O. Box 436, 5060 Ligula Ave|Wyoming|Casper|76657
7159 Quam. Avenue|CV|Alacant|11982
3730 Suspendisse Rd.|Bg|Neudörfl|56337
P.O. Box 135, 2361 Scelerisque Street|Wielkopolskie|Poznań|7533
P.O. Box 638, 5130 Lacus. Rd.|łódzkie|Łódź|31365
387-631 Etiam Av.|Katsina|Katsina|06401-123
P.O. Box 610, 6358 Nullam Rd.|Luik|Luik|46519
Ap #585-3637 Adipiscing. Avenue|Westmorland|Kendal|7844QU
5945 Nulla Street|Illes Balears|Palma de Mallorca|48124-947
1743 Mi Avenue|PE|Recife|364807
4679 Nec Rd.|Île-de-France|Argenteuil|19812
P.O. Box 376, 5571 Nunc Road|Hamburg|Hamburg|5153
P.O. Box 745, 8429 Eros. Street|ST|Wittenberg|NQ2 3VH
P.O. Box 677, 5339 Orci St.|BR|Abingdon|1254
P.O. Box 518, 1592 Habitant Rd.|NS|Wollongong|G0C 2N9
971-6450 Vestibulum Avenue|RJ|Campos dos Goytacazes|14600
P.O. Box 195, 6224 Mollis. Avenue|British Columbia|Richmond|624447
P.O. Box 388, 144 Sit Rd.|MT|Helena|2035
442-6658 Cras Ave|San José|Cinco Esquinas|L9V 4V3
P.O. Box 199, 4434 Volutpat Avenue|BR|Vannes|584560
Ap #862-2200 Quisque Rd.|São Paulo|Mogi das Cruzes|257621
Ap #136-3905 Etiam St.|Wi|Vienna|61279
576-7437 Aliquet. Rd.|Brandenburg|Schwedt|70196
P.O. Box 553, 9549 Libero Street|South Island|Gore|257743
9886 Eu Ave|MA|Alcorcón|80450
206-300 Sollicitudin Rd.|West Bengal|South Dum Dum|1735
Ap #236-540 Ipsum Av.|DE|Warri|972011
9203 Magna. St.|Madhya Pradesh|Shivapuri|GP7 7ET
Ap #152-9502 Sed Avenue|AN|Wijnegem|78558
595-8974 In Rd.|PV|Bilbo|L2E 5ZV
206-8000 Nam Ave|NI|Thames|16295
P.O. Box 377, 5293 Sed Av.|Madrid|Torrejón de Ardoz|9846
608 Vestibulum. St.|MN|Rochester|4438UN
207 Justo Av.|SI|Queenstown|4101
962-8024 Lacus, Avenue|LA|Palestrina|473477
P.O. Box 456, 8188 Tempus Rd.|Sląskie|Katowice|V4 3KY
P.O. Box 284, 1334 Erat Avenue|Catalunya|Tarragona|07060
7515 Sit Av.|Pays de la Loire|Rezé|89821-567
Ap #446-3381 Lobortis Street|North Island|Waitakere|I88 4CW
3194 Semper Rd.|TN|Tiruvarur|52335
P.O. Box 849, 6815 Integer Street|NI|Morrinsville|8878
Ap #530-9127 Eu, Ave|Henegouwen|Villers-la-Tour|4889
P.O. Box 194, 1788 Eu Rd.|Oklahoma|Oklahoma City|1068
Ap #206-6532 Faucibus Street|Luxemburg|Anlier|50606
871-837 Mi Ave|Wi|Vienna|778136
P.O. Box 436, 4969 Imperdiet Rd.|Emilia-Romagna|Portico e San Benedetto|75464
440-3665 Sit St.|Ontario|Ajax|FY2 2UY
582-3731 Eu, Street|São Paulo|Jundiaí|5859
1884 Duis Av.|RP|Mainz|36-397
Ap #283-8264 Sagittis. Street|Zl|Middelburg|613917
Ap #963-7125 Sed Av.|Styria|Kapfenberg|85312
Ap #899-1816 Mauris, Rd.|VT|Essex|29847
629 Sed Street|Provence-Alpes-Côte d'Azur|Antibes|5595
2175 Enim. Av.|Vienna|Vienna|66-752
1498 Neque. St.|NS|Wollongong|9196
8337 Erat. Ave|MA|Torrejón de Ardoz|8189
P.O. Box 297, 1497 Curabitur Street|New South Wales|Broken Hill|2381
P.O. Box 867, 4442 Tellus Rd.|LA|Lagos|7921
789 Congue Road|PE|Tenby|76812
4304 Donec Av.|MA|Bacabal|51715
987-3839 Morbi St.|Denbighshire|Denbigh|65397
8229 Enim, Street|WP|Kalisz|9540
Ap #227-7842 Nibh. Av.|Zl|Zierikzee|94911
P.O. Box 784, 306 Ullamcorper, Road|British Columbia|Terrance|7340LT
P.O. Box 707, 1360 Metus Rd.|Saskatchewan|Yorkton|69626
P.O. Box 513, 5678 Donec Avenue|San José|San Isidro|77689
P.O. Box 237, 6182 Nec St.|Ontario|St. Catharines|43322-164
2826 Risus. St.|Utrecht|Amersfoort|7520
Ap #482-3721 Nullam Avenue|LA|New Orleans|3688
6368 Lobortis, Street|Cornwall|Penzance|EA76 7PL
Ap #166-7687 Arcu. Street|C|Aguacaliente (San Francisco)|49384
7750 Eget Av.|QL|Ipswich|D9Z 3KF
P.O. Box 393, 9337 Ante Avenue|Poitou-Charentes|Saintes|30-581
424-9129 Ullamcorper, Rd.|South Island|Dunedin|20802
Ap #913-4456 Aenean Ave|LA|Rocca Santo Stefano|7137
P.O. Box 488, 3765 Sit Rd.|Castilla y León|Burgos|1549
5359 Lacus. St.|Berlin|Berlin|60200
947-9540 Blandit Av.|QC|Thurso|3042
875 Cursus Avenue|Vienna|Vienna|50014
6551 Praesent Avenue|MI|Flint|200878
139-2533 Turpis Rd.|Rio de Janeiro|São Gonçalo|1352JM
P.O. Box 231, 5159 Ut Ave|PE|Olinda|25199
Ap #901-5073 Sagittis Road|North Island|Tauranga|3632
Ap #998-3906 Accumsan Rd.|CA|Castel Baronia|3833
809-7076 Quis St.|Vienna|Vienna|V9J 8J9
846-1291 Eu, Road|New South Wales|Sydney|7925
Ap #161-2967 Magna, Rd.|MI|Flint|66971
862-5575 Lacus. Road|Kerala|Trivandrum|689101
Ap #303-5708 Tempus Ave|Bremen|Bremen|182844
1098 Dis Rd.|Indiana|Evansville|19073
1046 Ultrices, Road|Ov|Deventer|2565
114-3962 Neque St.|Hamburg|Hamburg|392245
P.O. Box 274, 7448 At, Ave|Cartago|Carmen|46180
7336 A Avenue|AZ|Glendale|6256
274-956 Morbi Avenue|BU|Millport|3509
Ap #652-9939 Donec Rd.|AZ|Chandler|7540
645-7033 Quam. Av.|Rio de Janeiro|Petrópolis|8953
4865 Vitae St.|Sb|Hallein|529287
1678 Odio Ave|SI|Blenheim|08684
Ap #534-413 Tempor, Road|PE|Jaboatão dos Guararapes|50310
981-6946 Amet, St.|WI|Green Bay|60024
Ap #286-6454 Vitae St.|SK|Ostrowiec Świętokrzyski|677279
Ap #633-4621 Sit Road|Uttar Pradesh|Bahraich|41-441
253-5759 Auctor St.|Borno|Bama|73701
519-2410 Lectus Rd.|British Columbia|Pemberton|78980
871-2821 Magna, Rd.|Bauchi|Bauchi|4143
4111 Congue. Av.|TX|San Antonio|9107ZM
P.O. Box 639, 2909 Aliquet Road|IM|Owerri|40527-391
726-7070 Suspendisse Av.|ZP|Koszalin|59616
750-1645 Blandit St.|GA|Augusta|16800
8221 Malesuada Street|SL|Katowice|91692
P.O. Box 775, 9722 Semper. St.|San José|San José|72499-707
Ap #655-8832 Interdum St.|OK|Norman|61313
Ap #106-382 Duis Rd.|Maryland|Columbia|05-384
Ap #299-4997 Donec Rd.|Vienna|Vienna|84053
348-2441 Lorem, Ave|Cornwall|Newquay|28425
1646 Vestibulum Rd.|PA|Saint-Sébastien-sur-Loire|9056
5611 Ac Av.|N.|Eindhoven|15434
Ap #264-7183 Ante St.|Burgenland|Pöttsching|35-825
7307 Aliquet Av.|Waals-Brabant|Bornival|32501
554-7220 Et Av.|Campania|San Leucio del Sannio|1781SN
9769 Lectus Rd.|Queensland|Maryborough|26847
438 Nunc St.|LA|Perpignan|47226
Ap #396-8465 Semper St.|HA|Saint-Étienne-du-Rouvray|51-953
285-2573 Purus Rd.|VB|Berg|07773-369
Ap #170-2381 Semper Rd.|QC|Fermont|34939
Ap #579-7251 Placerat Rd.|New South Wales|Penrith|L2J 3G7
230-5750 Sit St.|Bihar|Bhagalpur|289919
405-2883 Venenatis Rd.|Lombardia|Annone di Brianza|C9J 3S4
P.O. Box 930, 9720 Et Rd.|Aquitaine|Bègles|26824
5484 Sociis Rd.|Mississippi|Gulfport|2202
3466 Nunc Rd.|Chhattisgarh|Korba|40908
P.O. Box 296, 2672 Dolor Av.|Luxemburg|S�lange|0945JJ
6381 Erat Av.|QC|Champlain|T4D 9PW
4258 Tellus Ave|Vienna|Vienna|6707
289 Odio. Rd.|NI|Kawerau|B0 0MF
P.O. Box 619, 7715 Non Road|NI|Waiheke Island|5899
6688 Pharetra, St.|Vorarlberg|Altach|47973
Ap #204-2252 Ultrices Street|Hertfordshire|Stevenage|91218
832-4874 Ligula Avenue|Ontario|Orangeville|6475
P.O. Box 937, 6901 Vestibulum Rd.|Queensland|Mount Isa|534177
Ap #562-5949 Sodales Road|OV|Baardegem|D8 0GV
6341 Ornare Rd.|MA|Płock|19210
P.O. Box 905, 1754 Molestie Av.|NI|Gisborne|2489
Ap #276-3392 Senectus Street|Ov|Hengelo|9172
Ap #489-6875 Nullam Av.|NL|Fogo|1396
9296 Sem St.|Mazowieckie|Radom|77785
Ap #320-5326 Elit. Avenue|QC|Amqui|297282
Ap #330-1107 Libero Street|MN|Minneapolis|6435
607-7146 Nulla St.|NI|Lower Hutt|2348
293-7212 Consequat, Rd.|North Island|Waiuku|31139
P.O. Box 482, 3849 Odio Av.|Jigawa|Dutse|U0 0UI
531 Libero. Road|G|Cañas|93997
P.O. Box 176, 1236 Nunc St.|Western Australia|Fremantle|48602
663 Nulla Road|North Island|Rotorua|30955
Ap #678-1729 Posuere Ave|OV|Steendorp|4837
P.O. Box 365, 2420 Adipiscing Av.|Warwickshire|Nuneaton|10913
406-8539 Turpis. Road|New South Wales|Queanbeyan|270144
3913 Adipiscing Rd.|Ontario|Kingston|70990
8276 Magnis Road|Rio Grande do Sul|Porto Alegre|8075
931-5694 Ligula. Rd.|British Columbia|White Rock|9227
Ap #103-6797 Diam Av.|Lanarkshire|Hamilton|6005
590-2752 At Ave|New South Wales|Sydney|2772
349-5892 Placerat, St.|Niger|Bida|T14 3NY
7213 Vel Road|A|Alajuela|300759
Ap #774-186 Nunc Road|Suffolk|Haverhill|G0Y 9V7
6545 Non, Ave|North Island|Te Awamutu|5428
P.O. Box 189, 6516 Amet Rd.|QC|Murdochville|DL7B 6LV
5420 Cubilia Ave|A|Alajuela|86871
6582 Ornare, Av.|Noord Brabant|Grave|49-196
P.O. Box 500, 7212 Egestas. Ave|CA|San Francisco|5896JJ
P.O. Box 456, 6156 Sit Ave|AP|Gudivada|24-909
8804 Morbi Av.|PA|Saumur|20742
340-4539 In Av.|C|Carmen|86668
Ap #636-7962 Non Rd.|São Paulo|Ribeirão Preto|23953
6034 Lorem Ave|RJ|Tonk|06164
8798 Ac St.|Poitou-Charentes|Châtellerault|34-581
P.O. Box 386, 3815 Aliquet, Rd.|WV|Klemskerke|4702
112-6500 Vestibulum Rd.|West-Vlaanderen|Oostkamp|51212
208-2625 Tellus. St.|SL|Katowice|4167
Ap #627-8053 Donec Av.|Burgenland|Pöttsching|947602
Ap #291-7959 Vivamus St.|UP|Muzaffarnagar|787819
275-6267 Vel, Ave|SA|Cagliari|49753
Ap #724-5411 Tincidunt Rd.|ER|Ostellato|2482
Ap #712-5019 Consectetuer, St.|AQ|Agen|BO6 0JF
1676 Sagittis Road|São Paulo|Mauá|1086
805-4295 Aliquet St.|BE|Berlin|777077
923-4181 Fermentum Rd.|LA|Baton Rouge|37990
2373 Enim. Ave|Andhra Pradesh|Kukatpalle|89-893
P.O. Box 662, 865 Metus Avenue|JI|Dutse|3439
Ap #318-6681 Ipsum. Street|Bahia|Juazeiro|04-603
8744 Adipiscing Avenue|São Paulo|Mogi das Cruzes|7980
Ap #906-7818 Rutrum. Ave|Berlin|Berlin|X5Z 9J0
805-8703 Erat Road|North Island|Feilding|40204
P.O. Box 310, 6237 Vivamus Street|Bauchi|Bauchi|6040
P.O. Box 557, 5717 Ante Ave|Berlin|Berlin|30002
Ap #111-1272 Cursus Rd.|BC|Port Moody|44160-626
P.O. Box 454, 7262 Orci Road|KS|Kansas City|21315
7117 Cubilia St.|New South Wales|Campbelltown|5451
6763 Orci St.|SL|Gliwice|41981
P.O. Box 491, 7528 Nullam St.|Waals-Brabant|Nivelles|4483
Ap #413-3473 Ac, St.|LU|H�ron|62551
P.O. Box 743, 1316 Elementum St.|SA|Telford|17551
Ap #679-9077 Placerat, Ave|N.|Hoofddorp|55018
Ap #368-4589 Mi Road|Northwest Territories|Tulita|5018
685-1349 Mauris Avenue|SP|Osasco|41115
Ap #842-763 Adipiscing Ave|Vienna|Vienna|26543-892
3320 Cras Street|Ov|Deventer|18810
P.O. Box 687, 9211 Proin St.|Vienna|Vienna|1870
882-3893 Scelerisque Street|Ohio|Toledo|51803
Ap #749-2750 Netus St.|Vienna|Vienna|39704
6043 Metus. Rd.|AZ|Mesa|10568
Ap #321-8008 Ipsum St.|NS|Albury|70001
860-7087 Leo. Road|NI|Te Puke|53372-136
Ap #337-4140 Sit Road|AQ|Périgueux|71-315
386-7992 Odio St.|Gujarat|Patan|71203
327-2412 Accumsan Rd.|LO|Torno|8531IM
674-8505 Sociosqu Rd.|ME|Tywyn|98074
Ap #887-7520 Purus. Avenue|NA|Onoz|31-781
Ap #885-7691 Rhoncus. Ave|Virginia|Chesapeake|9548
P.O. Box 315, 2110 Orci St.|L.|Linkhout|63424
351-5922 Sed, Ave|PK|Stalowa Wola|69-029
Ap #149-8090 Quis, Avenue|Quebec|Senneville|9804
P.O. Box 783, 4223 Pede Road|LA|Lagos|KB5 3CC
P.O. Box 140, 7937 Urna Rd.|MD|Gaithersburg|83-691
916-6333 Risus. St.|Umbria|Sigillo|50606
P.O. Box 175, 4825 Lobortis Ave|Marche|Montecarotto|76-031
881-1286 Mauris St.|MS|Gulfport|5674
Ap #678-4516 Dolor Av.|British Columbia|Mission|81649
Ap #243-1550 Lacinia Rd.|Minas Gerais|Santa Luzia|31043694
251-2260 Ac Av.|Noord Holland|Enkhuizen|1301
4866 Ac Rd.|ON|Wilmont|52480
4573 Purus Avenue|A|San José de Alajuela|91296
760-4949 In Road|Provence-Alpes-Côte d'Azur|Antibes|L7T 5DS
7121 Fermentum Ave|PO|Niort|87-178
7796 Accumsan Ave|Zeeland|Sluis|3242
Ap #253-8056 Gravida Rd.|Queensland|Brisbane|10714
P.O. Box 781, 7511 Nam Street|AK|Springdale|6599
5304 Adipiscing, Road|Ogun|Ijebu Ode|7819
706-9387 Erat Avenue|Wi|Vienna|YM5P 1BR
432-675 Lorem Avenue|MB|Beausejour|256608
5173 Nec St.|Cambridgeshire|Wisbech|19-750
8986 Penatibus Street|Podkarpackie|Stalowa Wola|33154
P.O. Box 440, 1353 Odio. Street|SK|Ostrowiec Świętokrzyski|97421-327
4562 Integer St.|Vienna|Vienna|417528
311 Eu Av.|SJ|Desamparados|5636
P.O. Box 986, 8253 Ipsum Street|Orkney|Balfour|76832
6204 Egestas Ave|ID|Pocatello|1323
8354 Donec Rd.|Abruzzo|Rosciano|6755
1744 Eu Ave|Roxburghshire|Jedburgh|91562-848
863-3532 Arcu St.|Namen|Ligny|186576
Ap #397-878 Nec, St.|VB|Kester|6740
Ap #499-9796 Et Ave|LD|Pabianice|5402
Ap #305-6090 Mauris, Ave|Victoria|Warrnambool|07562
Ap #143-3427 Aliquet, Ave|VB|Teralfene|5355
9680 Eu Rd.|Vienna|Vienna|E9V 2A0
P.O. Box 313, 2861 Aliquet St.|Rivers|Port Harcourt|1260
P.O. Box 260, 6146 Velit Ave|Lombardia|Castelseprio|3303
Ap #506-1764 At Rd.|NI|Dannevirke|2332
4958 Mauris Avenue|Navarra|Pamplona|5719
360-3005 Ullamcorper. Rd.|NI|Waiuku|4433
5279 Massa. St.|MI|Lansing|910321
2791 Quisque Rd.|West-Vlaanderen|Lombardsijde|8559
588-7055 Amet Road|Nevada|Reno|987754
P.O. Box 700, 539 Penatibus St.|Maharastra|Jalna|21905
P.O. Box 103, 2027 Tincidunt Rd.|TN|Tambaram|40310
764-5366 Mauris Rd.|Pays de la Loire|Cholet|7858
1021 Tempus Rd.|Wi|Vienna|MO58 1FV
170-7290 Eleifend Rd.|Franche-Comté|Dole|42-855
454-3829 Mi. Rd.|Marche|Ostra Vetere|11150-981
Ap #149-9635 Diam Road|Île-de-France|Colombes|2627
P.O. Box 706, 8997 Pede. St.|G|Nicoya|8586
P.O. Box 748, 6967 Nibh. St.|Kujawsko-pomorskie|Toruń|84718-030
306-3366 Risus. St.|Waals-Brabant|Louvain-la-Neuve|5187
1451 Proin St.|SJ|Purral|Y4A 2H8
Ap #549-6416 Quisque Ave|North Rhine-Westphalia|Neuss|5628LH
P.O. Box 614, 1978 Bibendum Rd.|Wi|Vienna|13766-232
Ap #492-8286 Nunc. Rd.|Bihar|Bihar Sharif|6624TP
P.O. Box 203, 310 Pede Rd.|Wi|Vienna|193731
9433 In Av.|Zeeland|Sluis|8464OA
559-1418 Scelerisque Av.|Luxemburg|Wibrin|G9 2ZU
565-237 Quisque Rd.|Dr|Coevorden|82425
4420 Orci, Avenue|Somerset|Bridgwater|5464
6527 Fringilla. Rd.|Hamburg|Hamburg|71000
Ap #420-7968 Mi. Rd.|Berlin|Berlin|8657
Ap #671-7405 Purus Rd.|AN|Cádiz|4732
365-155 Massa. Rd.|Schleswig-Holstein|Dillingen|4841
5705 Lobortis Rd.|Maryland|Annapolis|61804
807-5661 Vitae Road|Lazio|Vallepietra|5849
Ap #812-270 Elementum Street|Vlaams-Brabant|Perk|1461
Ap #306-1005 Morbi Rd.|Vlaams-Brabant|Lennik|3130
Ap #717-9843 Auctor. Street|BE|Berlin|22003
728 Feugiat Rd.|WP|Poznań|16367
P.O. Box 906, 8726 Ac Av.|South Island|Temuka|7381
569-3720 Cras Road|PB|Bhatinda|537883
208-9122 Eleifend Rd.|PM|Słupsk|7282
Ap #359-1393 Hendrerit Rd.|Durham|Gateshead|29929-330
P.O. Box 780, 6033 Fusce Av.|WB|Tubeke Tubize|6862
Ap #151-9583 Vehicula St.|Vienna|Vienna|5145
8320 Non St.|LA|Baton Rouge|A8H 0A0
7423 Sem Ave|SL|Sosnowiec|100454
869-8876 Dolor Street|Massachusetts|Boston|385538
701-1232 Integer Rd.|Centre|Chartres|E7G 5R1
P.O. Box 175, 6151 Vitae Road|VI|Traralgon|70040
830-4332 Turpis St.|Bourgogne|Nevers|72161
247 Ad Avenue|Fr|Stavoren|931719
1952 Vel Ave|BE|Berlin|41310
Ap #737-6049 Accumsan Rd.|Zl|Flushing|44-618
Ap #395-4859 Nunc Street|Mazowieckie|Radom|4076
Ap #847-574 Pede. Road|PM|Słupsk|22720
605-8477 Ac Street|NI|Kapiti|Q2 2QL
Ap #988-5430 Odio Street|OV|Schellebelle|WO19 3NF
309-1198 Et St.|Tyrol|Rum|806088
P.O. Box 123, 2965 Lorem St.|CV|Valéncia|94885
P.O. Box 178, 6156 Sit Ave|West Lothian|Broxburn|886669
844-179 Eleifend, Ave|G|Liberia|47638
P.O. Box 924, 3901 In Road|PR|Arles|74423
4648 Aliquam Street|TN|Kanchipuram|62836
6613 Odio. Rd.|HA|Newport|1049
919 Tincidunt Avenue|A|Alajuela|5156
P.O. Box 454, 596 Interdum Av.|Castilla y León|Segovia|323747
Ap #839-8568 Neque Road|Vienna|Vienna|P0P 2C5
7478 Est Ave|Midi-Pyrénées|Toulouse|70110
Ap #472-1241 Neque Av.|Akwa Ibom|Ikot Ekpene|42907
376-8966 Vestibulum Av.|North Island|Waiuku|R9R 8Y7
Ap #770-3789 Interdum Av.|AQ|Pau|583698
Ap #504-7723 Nisi Rd.|California|San Jose|40307
Ap #377-1219 Mattis. Avenue|BE|Berlin|06547
653-776 Libero. Rd.|PI|Beauvais|19902
5746 Faucibus. Avenue|Basse-Normandie|Caen|1213
8024 Sem St.|HE|Seloignes|44064
Ap #609-3980 Eget Rd.|BW|Heidelberg|180886
730-9379 Vel Av.|Zl|Goes|355808
Ap #449-4876 Odio. Rd.|Selkirkshire|Selkirk|435099
812 Dui St.|BW|Baden-Baden|8962JT
P.O. Box 490, 3790 Dictum. St.|Oyo|Shaki|32934
5061 Cras St.|ON|Burlington|26-246
912-8842 Auctor Rd.|Noord Holland|Amstelveen|0986PG
911-7329 Augue St.|DS|Wałbrzych|5934PF
P.O. Box 247, 3267 Volutpat. Road|BU|Sint-Agatha-Berchem|313790
320-7995 Imperdiet Rd.|A|San José de Alajuela|21911
194-3534 Magnis Rd.|Podlaskie|Łomża|88113
4986 Lacus St.|Selkirkshire|Selkirk|1640WC
P.O. Box 641, 2141 Dictum Rd.|Ontario|Renfrew|548014
P.O. Box 877, 5659 Dapibus Ave|Murcia|Cartagena|28097
P.O. Box 239, 4710 Et Rd.|MB|Stonewall|9518
461-3558 Commodo Road|Pays de la Loire|Saumur|77-191
P.O. Box 329, 6339 Metus St.|ZP|Stargard Szczeciński|30719
5501 Tincidunt, St.|Gelderland|Tiel|4656
Ap #472-108 Malesuada St.|QL|Brisbane|12369
P.O. Box 579, 4886 Lacus. Avenue|N.|Haarlem|Q2U 1IV
P.O. Box 603, 2452 Vitae Rd.|New South Wales|Queanbeyan|204245
6648 Nisi Street|Western Australia|Subiaco|902671
716-7886 Gravida Street|OV|Baasrode|37100
P.O. Box 456, 8300 Cras Av.|Bremen|Bremen|44279
Ap #947-9337 Neque. Rd.|Puglia|Vico del Gargano|2677EN
6199 Sit Av.|Mazowieckie|Płock|6869
Ap #930-5891 Parturient St.|QC|Pointe-du-Lac|45163
P.O. Box 313, 8069 Donec Av.|MT|Butte|36518
286-3763 Proin Ave|AN|Westmalle|47198
Ap #972-4130 Sed, Street|AS|Silchar|88876-583
P.O. Box 219, 5410 Magna. St.|VT|Burlington|89543-647
P.O. Box 985, 4185 Cursus Road|Western Australia|Melville|3240
983-4412 Habitant Av.|AB|Wabamun|77802
P.O. Box 992, 2168 Aenean Rd.|Nunavut|Gjoa Haven|8131
714-6187 Rutrum. Ave|Pernambuco|Paulista|41905
274-9568 Ac Rd.|MP|Shivapuri|5217NT
P.O. Box 874, 3016 Euismod St.|LX|Gouvy|49072
Ap #849-4856 At, Ave|PB|Sargodha|71-456
1055 Eros. Street|Canarias|Las Palmas|634351
149-7991 Torquent St.|AN|Dos Hermanas|11070-923
Ap #516-9833 Ac St.|AR|Springdale|72209
1272 Enim, Avenue|NO|Douai|75832
2997 Eros. Ave|Alberta|New Sarepta|90513
P.O. Box 450, 2841 Nec, Road|Fr|Harlingen|60402
Ap #439-9500 In Avenue|SJ|Concepción|H4W 2G1
Ap #778-918 Dictum. Avenue|Lanarkshire|Coatbridge|8917
4776 Curabitur St.|OR|Eugene|205770
P.O. Box 574, 1757 Pulvinar St.|Wi|Vienna|TX2 3PJ
Ap #153-8233 Sodales Street|British Columbia|Chilliwack|7476
6306 Quisque Ave|Zl|Goes|11014
Ap #832-8408 Sed Road|Leicestershire|Melton Mowbray|73-332
P.O. Box 680, 1517 Fusce Ave|Madhya Pradesh|Guna|15175
497 Magna Rd.|NO|Béthune|20617
852-5828 Accumsan St.|Wi|Vienna|2159
2109 Sed Av.|MH|New Bombay|38312
3992 Ornare. St.|Noord Holland|Amsterdam|4865
6053 Convallis Avenue|SJ|Patarrá|GF3Q 7GL
131-6336 Orci Av.|New South Wales|Grafton|51912
425-793 Morbi Av.|KS|Kansas City|61523
1318 Aliquam St.|GL|Neath|964738
P.O. Box 564, 1513 Phasellus Street|SI|Greymouth|88631
2697 Maecenas Rd.|Lombardia|Casnate con Bernate|2886
P.O. Box 572, 5431 Sagittis St.|Zeeland|Hulst|23677
971 Vitae Ave|QC|Saint-Eug�ne-de-Ladri�re|50637
Ap #548-6254 Maecenas St.|NW|Oberhausen|9775
P.O. Box 662, 5660 Mus. Rd.|QC|Pierrefonds|X7Y 5BW
6808 Vitae St.|OK|Norman|03156
P.O. Box 339, 2173 Dui. Av.|Lubelskie|Biała Podlaska|1162ZX
Ap #795-2195 Penatibus St.|VT|Montpelier|47578
1053 Et Avenue|CH|Ellesmere Port|63440
6556 Pellentesque St.|N.|Helmond|8626
184-7811 Et, St.|Vienna|Vienna|9770
P.O. Box 119, 2153 Odio. Rd.|Madhya Pradesh|Bhind|70406
Ap #185-9572 Maecenas Rd.|Wi|Vienna|8167DG
647-7793 Elit, Street|Franche-Comté|Besançon|51945
7171 Dictum Street|Catalunya|Santa Coloma de Gramenet|428689
Ap #785-7432 Sed St.|Ohio|Cleveland|335246
Ap #122-5903 Fermentum Rd.|HB|Bremen|78938
126-3068 Egestas. Av.|TA|Burnie|Y5Z 8L8
566-5729 Quisque Av.|MA|Alcobendas|57-735
1391 Quisque Avenue|Campania|San Mauro Cilento|629145
P.O. Box 747, 6089 Lorem, Road|Wi|Vienna|34-404
P.O. Box 852, 5266 Quis St.|QL|Mackay|30306
P.O. Box 119, 6829 Nunc Ave|Wi|Vienna|57363
P.O. Box 258, 2149 Donec St.|QL|Redlands|40350
Ap #863-6058 Tristique Road|Oost-Vlaanderen|De Klinge|2914
P.O. Box 392, 816 Aliquam Avenue|BC|Oliver|14856
1458 Vitae Street|TN|Alandur|R4T 8R1
8211 Dolor Road|British Columbia|Silverton|617558
518-1835 Sit Avenue|TX|San Antonio|5185
308-5334 Cursus St.|Michigan|Sterling Heights|JU3 5LA
Ap #239-9465 Ut St.|Île-de-France|Noisy-le-Grand|878242
Ap #858-1765 Tempor Av.|BE|Berlin|50100
8326 Eu Rd.|Overijssel|Almelo|52383
Ap #411-630 Integer St.|Heredia|San Francisco|5136
P.O. Box 745, 3812 Tellus Rd.|PR|Vitrolles|59856-640
P.O. Box 118, 1587 Ipsum. Av.|LO|Lasnigo|7189
1338 Urna. Road|Ontario|Kitchener|84015
8827 Suscipit Road|LD|Pabianice|3724
556-3149 Maecenas Ave|BE|Berlin|7737
658-1215 Consectetuer Road|Vlaams-Brabant|Hekelgem|M2P 0Z4
Ap #780-7713 Lobortis Rd.|Madrid|Madrid|21417
P.O. Box 894, 237 Penatibus Avenue|Berlin|Berlin|933402
P.O. Box 346, 8325 Massa. Av.|South Island|Greymouth|9345
P.O. Box 507, 5069 Eu, Avenue|New South Wales|Lithgow|87128
P.O. Box 599, 860 Nec, Ave|MI|Lansing|7745
534-3792 Sagittis. Ave|Henegouwen|Biesme-sous-Thuin|18885
530 Sed St.|PA|Saint-Herblain|257376
Ap #250-667 Faucibus Rd.|Zeeland|Hulst|976827
P.O. Box 405, 7093 Lobortis St.|São Paulo|Mauá|8080
360-695 Vivamus Street|San José|Guadalupe|0555
168-4971 Congue Rd.|Mazowieckie|Siedlce|58449
230-5107 Vehicula Road|YK|Beverley|CR0 7CT
754-9651 Nisl Road|MO|Kansas City|13-263
834-9068 Ante. St.|KO|Okene|80884
118-4102 Nam Rd.|Cartago|San Nicolás|56464
207-743 Ut, St.|Saxony|Hoyerswerda|78246
6920 Diam Av.|Wi|Vienna|4466
Ap #362-6482 Curabitur Rd.|Wi|Vienna|11106
5845 Mattis Street|Poitou-Charentes|Châtellerault|5268
Ap #903-3559 Vitae, St.|Flintshire|Buckley|6056
Ap #479-9531 Viverra. Rd.|KT|Katsina|89601
P.O. Box 483, 4624 Ut, Av.|Wi|Vienna|Z46 3ZP
950-9149 Habitant Avenue|Nevada|North Las Vegas|68131
425-7880 Tortor St.|Comunitat Valenciana|Elx|37044-078
Ap #362-6360 Massa. Rd.|N.|Weesp|72006
9330 Sed St.|Ontario|Township of Minden Hills|10313
3512 Vehicula Rd.|LO|Borno|8403PC
8034 Dui. St.|WB|Neerheylissem|34248-377
Ap #788-1003 Massa Road|PR|São José dos Pinhais|95058
4777 Dis St.|ON|Minto|50-511
Ap #226-5307 Malesuada Street|Catalunya|L'Hospitalet de Llobregat|84716
8982 Urna, St.|WI|Kenosha|27-350
354-7641 Et Av.|NI|Gisborne|72513
Ap #887-6850 Elit. St.|MA|Siedlce|3477
Ap #393-835 Purus. St.|North Island|Hamilton|7486
Ap #899-1359 Vitae Avenue|MO|Jefferson City|79709
Ap #626-4566 Consequat St.|SI|Blenheim|714343
5637 Purus Street|HH|Hamburg|286685
524-632 Sed Rd.|WV|Vichte|66500-267
2518 Duis St.|Overijssel|Deventer|6501GW
383-6940 Nam Ave|Berlin|Berlin|9715
946-1601 Velit. Ave|Luik|Xhoris|68543
P.O. Box 285, 7137 Ipsum Avenue|Berlin|Berlin|6490
2865 In St.|MP|Tarnów|2673
7461 Nunc Rd.|CA|Tufo|40700
902-4019 Eleifend. St.|Berlin|Berlin|2383
P.O. Box 332, 868 Adipiscing Road|CA|San Jose|6407
274-4256 Malesuada Rd.|Connecticut|Bridgeport|4215TI
4349 Suspendisse St.|Comunitat Valenciana|Valéncia|41806
8598 Montes, Ave|UP|Lucknow|24838-363
Ap #249-9725 Integer Road|ON|Midlands|51154
460-3068 Lorem Road|Drenthe|Meppel|50402
3763 Malesuada Rd.|North Island|Masterton|45-855
760-390 Nec Rd.|Noord Holland|Zaanstad|31397
636-3131 Quis Ave|OR|Portland|19497
P.O. Box 106, 3961 Adipiscing. Rd.|Borno|Bama|635886
P.O. Box 914, 5226 Nec Av.|Zl|Middelburg|91041
270-9499 Nec, St.|ON|Aurora|4055TX
Ap #197-4368 Eleifend Rd.|Suffolk|Bury St. Edmunds|693187
740-9242 Eu Street|Mazowieckie|Radom|9205
7142 Vitae, Street|Lagos|Lagos|06995
P.O. Box 202, 7665 Commodo Rd.|AN|Málaga|95812
Ap #756-3094 Dictum. Rd.|Niger|Bida|75752-798
1432 Duis Rd.|SO|Bath|51706
6891 Id St.|HH|Hamburg|239444
Ap #415-5630 Sollicitudin Av.|HR|Bhiwani|9265
224-9013 Dapibus Av.|QC|Dubuisson|1159
P.O. Box 137, 5794 Lorem, Avenue|WB|Mellery|4438
366-2943 Sed Rd.|AB|Rocky View|37-132
277-1321 Malesuada Avenue|Idaho|Nampa|26664-296
Ap #740-9140 Lacinia. St.|Berlin|Berlin|444014
Ap #764-182 Quisque Avenue|BE|Berlin|812584
P.O. Box 676, 9746 Nonummy Avenue|NT|Newark|91659
Ap #141-9715 Lorem. Avenue|HB|Bremen|9286
P.O. Box 579, 3165 Lobortis Rd.|SL|Gliwice|76518
P.O. Box 652, 378 Sociis St.|Wi|Vienna|28743
P.O. Box 997, 7222 Hendrerit Avenue|Maharastra|Nagpur|X1Y 9S7
Ap #162-4098 Id Road|West-Vlaanderen|Kooigem|1012
924-2401 Ac Road|BC|Abbotsford|8449
5425 Aliquam Rd.|CA|Whittlesey|B1W 7V8
P.O. Box 542, 4511 Dolor. Rd.|WV|Gistel|20917
2436 Posuere Rd.|MB|Daly|1384
5263 Curae; Rd.|NI|Waiuku|09641
7796 Molestie. Av.|Île-de-France|Saint-Denis|9871
Ap #595-3520 At, Avenue|Ceará|Crato|87076
P.O. Box 318, 6605 Lobortis Av.|Vienna|Vienna|5002
P.O. Box 587, 8863 Enim Road|SR|Guildford|417917
Ap #938-2633 Nisi. St.|Delta|Warri|3633
369-4940 Suspendisse St.|BC|Maple Ridge|20026
Ap #719-8384 Risus. Road|LD|Łódź|76017
782-9078 Maecenas Street|North Island|Huntly|3137
417-3343 Felis Ave|Ontario|Midlands|8609
P.O. Box 476, 672 Lacinia St.|Vienna|Vienna|89-909
389-9966 Adipiscing St.|A|Alajuela|9421WW
7541 Nunc Avenue|WV|Spiere|7929
P.O. Box 612, 5223 Nam St.|LU|Geer|0230
986-804 Volutpat. Avenue|BA|Bauchi|25756-034
4586 Maecenas Road|NE|Lincoln|Q9 4CJ
713-8541 Pretium Avenue|West-Vlaanderen|Waarmaarde|70870
Ap #678-3793 Pellentesque, Av.|N.|Bergen op Zoom|452966
2141 Phasellus St.|AN|Málaga|268723
6550 Eleifend. St.|LA|Lagos|30922
7863 Id Rd.|łódzkie|Tomaszów Mazowiecki|29073
Ap #941-8223 Auctor. St.|AQ|Anglet|538736
588-3521 Mi Rd.|NI|North Shore|Y2P 5L3
693-1037 Fringilla Street|MA|Parla|10913
9369 Enim. St.|British Columbia|Nanaimo|77578-258
P.O. Box 830, 4225 Mauris, Rd.|Berlin|Berlin|66448
5211 Et, Avenue|South Island|Oamaru|9228
506-4768 In St.|Upper Austria|Ried im Innkreis|55754
Ap #890-163 Est. Avenue|South Australia|Adelaide|30001
901-9556 At Rd.|Queensland|Charters Towers|5535MF
8280 Magna Street|BO|Sens|212412
P.O. Box 668, 6388 Dignissim Ave|SJ|San Juan de Dios|89984
Ap #202-1610 Non Ave|LX|Houffalize|02491
5018 A Street|MG|Uberlândia|298750
Ap #705-5280 Pede Road|Provence-Alpes-Côte d'Azur|Gap|5362ST
164 Ipsum Rd.|Sb|Saalfelden am Steinernen Meer|66347
P.O. Box 571, 5016 Aliquet Av.|Alajuela|San José de Alajuela|430429
922-9176 Odio. Av.|Cartago|San Rafael|4982
986-7342 Proin Av.|Pays de la Loire|Cholet|H5M 0GU
P.O. Box 463, 6355 Nascetur St.|NW|Bonn|588624
591-4477 Tellus, St.|MP|Tarnów|03-733
5261 Bibendum. St.|CA|Candidoni|4609
Ap #505-8717 Eu, Av.|Haute-Normandie|Saint-Étienne-du-Rouvray|11021
P.O. Box 597, 9758 Varius Ave|OH|Akron|5562
P.O. Box 465, 4117 Ante. Rd.|WP|Piła|C5C 3H8
231-5527 Ante Rd.|NI|Levin|7099
1709 Dapibus Road|Pennsylvania|Allentown|WE5J 8BN
Ap #654-8787 Ac Road|NS|Broken Hill|59144
601-5270 Orci Road|North Island|Kerikeri|7619
3891 Placerat. St.|Connecticut|Waterbury|92-923
538-6319 Et St.|Uttar Pradesh|Rampur|867171
2606 Cras Av.|Mazowieckie|Płock|99013
1268 Enim. Avenue|Wi|Vienna|06914
540-9831 Rutrum, Avenue|NW|Bielefeld|577088
P.O. Box 814, 5298 Est. Rd.|NB|Carlton|8342
545-7534 In Ave|MA|Alcobendas|S5 3UF
P.O. Box 780, 1615 Urna. Avenue|Argyllshire|Oban|2374
8470 Fringilla. St.|A|Quesada|6635
313-3520 Et St.|WI|Racine|M0O 1GJ
Ap #931-4617 Nulla. Avenue|New South Wales|Broken Hill|55281
9382 Imperdiet Rd.|Oklahoma|Norman|5736
Ap #261-6483 Laoreet Avenue|Illes Balears|Palma de Mallorca|9174
P.O. Box 245, 1766 A Avenue|SJ|San Isidro de El General|986630
905-4597 Mauris Street|MA|Alcobendas|3481YL
5009 Ut Street|Wi|Vienna|2539
P.O. Box 222, 4638 Amet Avenue|CA|Paternopoli|21177
2195 Semper, Street|Nord-Pas-de-Calais|Wattrelos|61206
3138 Tempus Rd.|NI|Bida|KO6 3MB
4073 Vel, Avenue|Pará|Abaetetuba|107919
P.O. Box 271, 5137 At, Avenue|BA|Vitória da Conquista|58967
3837 Ante Av.|South Island|Rangiora|O6U 0MN
P.O. Box 245, 837 Etiam Road|Denbighshire|Wrexham|57603
652-9642 Natoque Road|Toscana|Subbiano|951943
P.O. Box 325, 2050 Lectus Street|Saskatchewan|Milestone|320079
161-6992 Dui. Rd.|Kujawsko-pomorskie|Toruń|7651
P.O. Box 275, 6104 Mauris Rd.|SI|Buccheri|275215
2411 Parturient Avenue|MH|Chandrapur|6049
384 Enim. Street|Lubuskie|Zielona Góra|T6X 9H5
P.O. Box 998, 1280 Tincidunt, St.|São Paulo|Guarulhos|9418
152-4905 Erat Av.|Bremen|Bremen|N1A 0Z0
755 Duis Rd.|Liguria|Seborga|917379
Ap #455-4135 Vivamus Rd.|PK|Mielec|Y7M 2E3
4349 Neque. Road|SJ|Gravilias|982330
9037 Rutrum Road|RF|Kilmalcolm|75193
670-3512 Tellus. Rd.|Bihar|Munger|7690
Ap #306-9732 Dui, Street|WM|Elbląg|90672-031
P.O. Box 520, 3309 Rhoncus Rd.|NI|Minna|1845
872-8031 Mollis Av.|Gelderland|Doetinchem|1904
490-1086 Tristique Road|Berlin|Berlin|59368
P.O. Box 845, 5093 Et St.|C|San Diego|875633
P.O. Box 753, 1412 Donec Ave|AB|Bowden|28166
P.O. Box 938, 2313 Mauris. Road|MI|Castres|11319
P.O. Box 558, 840 Fermentum Rd.|Saskatchewan|Yorkton|85499-893
Ap #230-4384 Nec Ave|Zl|Goes|UV6C 3AU